,allInPings,assistMePings,assists,baronKills,bountyLevel,champExperience,champLevel,championName,commandPings,consumablesPurchased,damageDealtToBuildings,damageDealtToObjectives,damageDealtToTurrets,damageSelfMitigated,deaths,detectorWardsPlaced,doubleKills,dragonKills,enemyMissingPings,enemyVisionPings,firstBloodAssist,firstBloodKill,firstTowerAssist,firstTowerKill,gameEndedInEarlySurrender,gameEndedInSurrender,goldEarned,goldSpent,individualPosition,inhibitorKills,inhibitorTakedowns,inhibitorsLost,item0,item1,item2,item3,item4,item5,item6,itemsPurchased,killingSprees,kills,lane,largestCriticalStrike,largestKillingSpree,largestMultiKill,longestTimeSpentLiving,magicDamageDealt,magicDamageDealtToChampions,magicDamageTaken,needVisionPings,neutralMinionsKilled,nexusKills,nexusLost,nexusTakedowns,objectivesStolen,objectivesStolenAssists,onMyWayPings,physicalDamageDealt,physicalDamageDealtToChampions,physicalDamageTaken,pushPings,quadraKills,role,spell1Casts,spell2Casts,spell3Casts,spell4Casts,teamEarlySurrendered,teamId,teamPosition,timeCCingOthers,timePlayed,totalAllyJungleMinionsKilled,totalDamageDealt,totalDamageDealtToChampions,totalDamageShieldedOnTeammates,totalDamageTaken,totalEnemyJungleMinionsKilled,totalHeal,totalHealsOnTeammates,totalMinionsKilled,totalTimeCCDealt,totalTimeSpentDead,totalUnitsHealed,tripleKills,trueDamageDealt,trueDamageDealtToChampions,trueDamageTaken,turretKills,turretTakedowns,turretsLost,visionScore,visionWardsBoughtInGame,wardsKilled,wardsPlaced,win
0,0,1,7,0,0,6161,10,Nautilus,0,4,337,3924,337,15078,6,2,0,0,2,0,True,False,False,False,False,True,5927,5650,UTILITY,0,0,0,3075,3876,6660,1029,3111,0,3364,16,1,2,BOTTOM,0,2,1,454,14751,3327,7701,0,0,0,0,0,0,0,16,11605,1762,6238,0,0,SUPPORT,16,15,27,3,False,100,UTILITY,29,1328,0,30258,5737,0,14754,0,1293,0,36,195,101,1,0,3901,648,813,0,0,4,36,2,4,14,False
1,0,6,10,0,0,15060,16,Zeri,2,7,3171,11894,3171,11511,7,6,2,0,2,0,True,False,False,False,False,False,14799,14550,BOTTOM,0,0,1,3031,1031,3013,6672,3085,3087,3363,27,2,4,BOTTOM,1243,2,2,563,34593,7615,10315,0,25,0,1,0,0,0,7,183761,19517,13054,0,0,CARRY,631,40,16,7,False,100,BOTTOM,8,2120,16,242760,27853,0,25098,8,5283,0,260,201,287,1,0,24405,720,1728,0,2,7,31,6,6,12,False
2,0,2,9,0,0,8615,12,Draven,1,2,4525,5086,4525,8635,5,1,1,0,4,0,False,False,False,False,False,True,8980,7850,BOTTOM,0,1,0,1055,1038,3072,1037,3111,1018,3363,14,2,5,BOTTOM,464,2,2,454,0,0,9404,0,0,0,0,0,0,0,6,74117,18442,6049,0,0,CARRY,50,65,13,5,False,200,BOTTOM,11,1448,0,79695,18442,0,16829,0,5318,402,123,62,84,4,0,5578,0,1375,0,2,3,8,1,1,5,True
3,0,2,10,0,0,11006,13,Seraphine,1,4,1604,1604,1604,13913,6,2,0,0,0,0,False,False,False,False,False,False,11726,10950,BOTTOM,0,0,2,1056,3165,6653,3040,3020,3145,3363,22,2,9,BOTTOM,0,4,1,489,90046,21237,2463,1,0,0,1,0,0,0,6,11764,2779,15411,0,0,CARRY,73,30,52,7,False,200,BOTTOM,36,1629,0,103391,25450,2080,19390,0,1881,559,137,268,124,5,0,1580,1433,1514,0,1,9,9,2,0,8,False
4,0,3,8,0,1,14424,15,Twitch,1,5,6575,7592,6575,9003,4,4,0,0,2,0,False,False,False,False,False,False,15985,13100,BOTTOM,0,0,0,1043,3051,3085,3006,3153,3031,3363,21,3,12,BOTTOM,619,4,1,709,0,0,11342,0,16,1,0,1,0,0,7,155304,22161,8201,0,0,CARRY,30,25,26,8,False,100,BOTTOM,8,1830,14,163653,25837,0,20427,0,9084,0,200,235,143,1,0,8349,3676,883,2,2,4,19,4,0,11,True
5,0,5,6,1,1,17485,17,Vayne,4,5,9163,20943,9163,15144,5,3,3,0,8,0,False,False,False,False,False,False,18071,16325,BOTTOM,0,0,0,6672,3091,3153,3006,3123,1057,3363,25,4,16,BOTTOM,0,5,3,644,21074,3047,6612,0,12,1,0,1,0,0,17,162135,24934,14552,0,0,CARRY,90,0,10,11,False,200,BOTTOM,13,2066,5,209850,36861,0,21873,2,9263,0,242,113,175,1,1,26640,8879,708,4,6,5,29,3,7,11,True
6,0,0,12,0,0,13525,15,MissFortune,0,4,4533,7854,4533,6825,3,3,0,0,4,0,False,True,False,False,False,False,12277,11025,BOTTOM,0,0,0,1055,6672,3009,6676,3031,0,3363,18,2,5,BOTTOM,931,3,1,883,5023,1020,3880,0,4,0,0,0,0,0,5,154440,18589,10363,0,0,CARRY,69,33,30,6,False,100,BOTTOM,8,1779,0,166674,20194,0,14830,0,3584,411,220,154,105,2,0,7209,584,585,1,1,3,12,3,1,5,True
7,0,2,6,0,0,14181,15,Caitlyn,2,5,3477,5159,3477,17375,8,3,0,0,6,2,False,False,False,False,False,False,12850,12600,BOTTOM,0,0,3,3072,2055,3047,3134,3031,3036,3363,22,0,3,MIDDLE,1454,0,1,720,648,438,7542,0,12,0,1,0,0,0,6,199888,25884,18180,0,0,DUO,58,23,13,7,False,200,BOTTOM,17,2239,12,202116,26581,0,25996,0,7789,588,232,74,241,3,0,1579,258,273,1,1,11,23,4,2,10,False
8,0,0,7,0,1,13933,15,Corki,2,5,5739,22457,5739,14441,2,3,0,1,8,0,False,True,False,False,False,False,13165,11925,BOTTOM,1,2,0,3158,3036,3042,1038,1055,3031,3363,25,1,5,BOTTOM,878,3,1,799,62401,6263,9087,0,12,0,0,1,0,0,8,122205,20007,10872,0,0,CARRY,93,20,49,72,False,100,BOTTOM,1,1913,4,205808,28671,0,21299,4,5736,0,238,31,49,1,0,21201,2400,1340,3,4,2,17,4,2,9,True
9,0,0,4,0,0,13768,15,Sion,0,4,2752,8047,2752,48834,4,3,0,0,0,3,False,False,False,False,False,False,10165,9525,TOP,0,0,2,1054,1031,3111,3067,6664,2501,3340,19,0,2,TOP,0,0,1,643,63541,6798,15977,0,4,0,1,0,0,0,4,86473,6304,15577,0,0,SOLO,56,44,42,8,False,100,TOP,26,1719,0,154528,13106,0,33410,0,7697,0,224,607,145,1,0,4513,4,1855,1,1,9,22,3,1,12,False
10,0,4,10,0,0,16090,16,Aphelios,3,4,2598,16951,2598,27980,9,2,2,0,2,0,False,False,False,False,False,False,14468,13825,BOTTOM,0,0,0,1038,3009,3031,3072,3036,2019,3363,23,2,6,BOTTOM,1036,2,2,732,2605,1453,6222,0,42,1,0,1,0,0,10,209029,22868,20896,0,0,CARRY,58,123,0,10,False,100,BOTTOM,20,2250,28,231309,25605,0,29454,8,6287,0,205,190,343,1,0,19674,1283,2335,1,4,6,14,3,1,8,True
11,0,0,1,0,0,557,2,Aphelios,0,1,0,0,0,264,1,0,0,0,0,0,True,False,False,False,True,False,1044,800,BOTTOM,0,0,0,1055,1001,0,0,0,0,3340,4,0,0,NONE,0,0,0,150,0,0,165,0,0,0,0,0,0,0,0,2008,742,742,0,0,SUPPORT,2,12,0,0,False,200,BOTTOM,0,192,0,2008,742,0,907,0,27,0,10,0,6,1,0,0,0,0,0,0,0,0,0,0,0,True
12,0,2,8,0,0,12879,14,KogMaw,0,3,1464,6656,1464,12137,8,2,2,0,1,0,False,False,False,False,False,False,13488,12750,BOTTOM,0,0,1,3124,1031,6672,1057,3153,3006,3363,26,1,8,BOTTOM,0,6,2,745,33903,10663,8249,0,14,0,1,0,0,0,7,121025,16571,14644,0,0,CARRY,27,44,30,12,False,200,BOTTOM,13,1980,14,169776,30750,0,24231,0,8022,645,198,246,232,4,0,14847,3516,1337,0,0,8,29,2,9,8,False
13,0,3,5,1,1,12286,14,Caitlyn,1,5,6148,9693,6148,8638,6,4,0,0,1,0,False,False,False,False,False,False,11056,9900,BOTTOM,0,1,0,1055,3134,3031,1018,3036,3006,3363,21,1,6,BOTTOM,874,2,1,686,539,539,6020,0,11,1,0,1,0,0,3,125492,16109,12915,0,0,CARRY,33,14,11,7,False,100,BOTTOM,9,1731,5,133885,16820,0,19932,0,4881,258,175,54,182,2,0,7854,172,996,2,5,3,14,4,1,8,True
14,0,2,15,1,1,18836,18,Vayne,7,3,3278,16909,3278,20643,8,2,1,1,3,0,False,False,False,False,False,True,15731,12650,BOTTOM,1,1,0,1055,6672,6665,3153,6670,3006,3363,22,1,8,BOTTOM,461,3,2,607,0,0,10999,0,38,0,0,0,0,0,11,181307,23861,18138,0,0,CARRY,113,0,14,12,False,200,BOTTOM,20,2161,24,206268,30817,0,30489,2,10828,548,218,113,296,2,0,24960,6955,1351,0,1,4,21,2,2,10,True
15,0,1,3,0,10,20796,18,Caitlyn,5,6,11986,24380,11986,27849,5,3,4,0,5,2,False,False,False,False,False,False,23354,21300,BOTTOM,0,1,3,6701,6676,3026,3031,3036,3072,3363,27,4,21,BOTTOM,3023,10,4,550,3450,1420,11144,0,32,0,0,1,0,0,39,385478,64486,14494,0,2,CARRY,64,53,18,12,False,200,BOTTOM,54,2733,24,398220,70579,0,29271,0,13074,1296,322,255,171,5,2,9291,4672,3632,3,5,9,37,4,5,12,True
16,0,2,10,0,0,14767,16,Jhin,4,3,2378,26821,2378,15676,8,2,1,1,4,0,False,False,False,False,False,False,14453,14250,BOTTOM,0,0,1,6665,6676,3009,3031,3094,1029,3363,20,3,11,BOTTOM,1316,5,2,548,5876,1467,9314,0,12,0,1,0,0,0,10,172639,24254,17785,0,0,CARRY,69,22,25,22,False,100,BOTTOM,23,2059,6,179310,26015,0,27906,0,4621,0,188,115,311,1,0,794,293,806,1,1,8,15,2,1,8,False
17,0,0,14,0,1,14690,15,KogMaw,0,3,2011,17604,2011,14248,7,2,1,2,3,0,True,False,False,False,False,True,12780,11450,BOTTOM,1,2,0,3085,1057,0,3124,3006,3153,3363,24,1,5,BOTTOM,350,2,2,546,47507,13647,13115,0,32,0,0,0,0,0,7,122588,15915,14088,0,0,CARRY,35,32,18,19,False,100,BOTTOM,14,1919,24,193736,34577,0,29449,0,11542,825,191,278,243,3,0,23641,5014,2245,1,2,2,13,2,0,7,True
18,0,1,14,0,0,26146,18,Malzahar,0,7,4795,12244,4795,22864,5,3,0,0,8,0,False,False,False,False,False,False,19331,16875,MIDDLE,0,0,3,3165,3157,3089,3020,3116,3118,3363,23,2,8,MIDDLE,0,4,1,1168,310198,38702,11258,0,22,0,1,0,0,0,16,24813,1460,12444,0,0,SOLO,104,158,167,18,False,100,MIDDLE,87,2770,10,343692,41669,0,25701,6,2288,0,341,1211,173,1,0,8680,1506,1998,2,2,9,29,3,3,16,False
19,0,3,11,0,0,13210,15,Sejuani,3,4,71,5754,71,61276,8,3,0,0,0,1,False,False,False,False,False,False,11289,10825,JUNGLE,0,0,3,1103,6665,3111,6664,3075,1029,3364,27,0,5,JUNGLE,52,0,1,521,53511,7868,10774,0,78,0,1,0,1,0,8,90125,10025,36190,0,0,NONE,48,87,35,7,False,100,JUNGLE,33,1744,66,181603,18295,0,49537,0,10272,809,100,315,165,4,0,37966,402,2572,0,0,11,19,3,3,6,False
20,0,3,10,0,0,15847,16,Vayne,1,3,2492,5299,2492,21081,11,2,0,0,0,0,False,False,False,False,False,False,16368,14650,BOTTOM,0,0,3,3124,6672,3153,3006,3091,1057,3363,24,2,11,BOTTOM,388,2,1,444,30077,5134,14363,0,8,0,1,0,0,0,7,166830,33062,15595,0,0,CARRY,108,0,6,10,False,200,BOTTOM,10,2155,4,228585,53562,0,31613,2,9839,0,250,51,318,1,0,31677,15364,1654,1,1,11,14,2,3,7,False
21,0,0,11,0,1,13620,15,KogMaw,0,2,9433,24714,9433,9253,5,1,2,1,3,0,False,False,False,False,False,False,14026,12375,BOTTOM,1,2,0,1057,3153,3006,3124,3085,1031,3340,23,1,7,BOTTOM,330,5,2,734,52148,9368,6520,0,35,0,0,0,0,0,13,119915,12663,13108,0,0,CARRY,37,42,15,34,False,100,BOTTOM,7,1791,21,179215,24622,0,20352,0,7722,576,174,145,169,3,0,7150,2590,723,3,5,0,21,1,5,7,True
22,0,5,5,0,0,10118,13,Tristana,0,4,327,327,327,8140,8,3,0,0,6,0,False,False,False,False,False,False,9843,9575,BOTTOM,0,0,2,1055,6672,3031,3006,3035,0,3363,22,1,4,BOTTOM,577,3,1,635,17646,2135,8653,0,12,0,1,0,0,0,7,78774,15244,13304,0,0,CARRY,24,17,22,5,False,100,BOTTOM,2,1819,9,96442,17379,0,24047,0,4866,547,141,10,227,4,0,21,0,2089,0,0,10,20,3,3,10,False
23,0,0,5,0,0,10450,13,Yasuo,0,4,1478,2323,1478,24876,8,3,1,0,3,0,False,False,False,False,False,False,11689,11325,BOTTOM,0,0,1,3153,3031,3006,6673,0,0,3363,19,3,8,BOTTOM,598,4,2,543,8267,1438,3096,0,8,0,1,0,0,0,15,131799,21630,19998,0,0,CARRY,233,16,98,7,False,100,BOTTOM,32,1787,5,141349,23327,0,27462,0,7515,712,180,140,233,3,0,1281,257,4366,0,0,7,16,3,2,8,False
24,0,0,5,0,0,11116,13,Ezreal,0,4,0,302,0,9610,12,2,0,0,6,0,False,False,False,False,False,False,11577,10558,BOTTOM,0,0,1,1055,2055,3042,3078,3158,3036,3363,20,3,10,BOTTOM,486,2,1,207,12660,5487,6377,0,4,0,1,0,0,0,14,100586,23895,17933,0,0,CARRY,194,25,24,9,False,100,BOTTOM,6,1515,2,115604,29999,0,25013,0,4745,797,141,37,234,5,0,2358,616,702,0,0,11,12,3,1,7,False
25,0,0,5,0,4,11777,14,Lucian,0,4,4820,8656,4820,6879,4,3,1,0,6,0,False,False,False,False,False,False,13372,10875,BOTTOM,1,2,0,1055,6672,3158,3508,1036,6675,3363,20,4,11,MIDDLE,514,4,3,537,7640,857,6984,0,40,0,0,1,0,0,10,144562,14743,7482,0,0,DUO,73,35,46,11,False,100,BOTTOM,0,1483,22,156187,16131,0,14603,12,5518,343,168,41,91,2,1,3984,530,136,2,4,1,23,3,2,10,True
26,0,0,6,0,1,8094,11,Smolder,4,3,0,0,0,6963,7,2,0,0,1,1,False,False,False,False,False,False,8483,8350,BOTTOM,0,0,1,1055,3042,3158,3508,1038,0,3363,18,0,3,BOTTOM,316,0,1,341,6954,3032,9189,0,0,0,1,0,0,0,7,76926,13632,8533,0,0,CARRY,108,35,16,6,False,200,BOTTOM,9,1480,0,84342,16730,0,18310,0,3057,0,150,249,124,1,0,462,66,587,0,0,8,13,2,1,6,False
27,0,0,4,0,0,5079,9,Caitlyn,2,3,2036,2036,2036,2885,3,1,0,0,1,0,False,True,False,False,False,True,5949,5550,BOTTOM,0,0,0,1055,2055,3095,2015,3006,0,3340,12,1,3,NONE,205,2,1,570,367,367,1807,0,0,0,0,0,0,0,5,43374,10702,5151,0,0,DUO,18,12,4,3,False,200,BOTTOM,12,944,0,46881,11069,0,7365,0,896,0,95,23,54,1,0,3140,0,407,0,0,2,3,2,1,2,False
28,0,2,11,0,0,15446,16,Twitch,1,5,6462,24107,6462,11137,6,4,0,0,2,0,False,False,False,True,False,False,14011,12200,BOTTOM,1,1,0,1038,0,6672,3006,3085,3153,3363,25,3,10,BOTTOM,472,4,1,435,6069,1788,8119,0,22,0,0,0,0,0,8,158892,36614,13231,0,0,CARRY,22,18,24,8,False,100,BOTTOM,13,1775,0,184702,41802,0,27442,18,9876,0,180,277,169,1,0,19741,3399,6091,4,5,1,25,4,6,11,True
29,0,0,5,0,0,14189,15,Caitlyn,1,6,892,7530,892,11716,11,5,1,0,6,0,False,False,False,False,False,False,13565,13025,BOTTOM,0,0,2,1036,3031,3095,6672,3006,1038,3363,28,4,9,BOTTOM,1317,2,2,486,6789,2889,17293,0,28,0,1,0,0,0,9,204425,46896,14828,0,0,SOLO,47,48,18,8,False,200,BOTTOM,30,2262,26,221102,50625,0,36195,0,9274,0,169,185,330,1,0,9887,840,4074,0,0,11,27,5,3,16,False
30,0,0,9,0,0,14710,16,Caitlyn,3,4,4186,13735,4186,10328,5,3,1,0,3,0,False,False,False,False,False,False,14136,13625,BOTTOM,0,0,1,1038,6672,2019,7040,3031,3006,3363,20,3,9,BOTTOM,1693,4,2,827,4506,1562,11795,0,16,0,1,0,0,0,16,195996,22954,10071,0,0,CARRY,40,19,14,5,False,100,BOTTOM,29,2077,8,206141,25688,0,25682,0,10386,964,237,219,150,5,0,5637,1171,3815,1,1,7,33,3,8,10,False
31,0,0,5,0,0,8813,12,Vayne,0,4,0,672,0,5091,5,2,1,0,3,0,False,False,False,False,False,True,8792,8375,BOTTOM,0,0,2,1055,2055,6673,3006,1036,3153,3363,17,1,6,MIDDLE,343,4,2,370,1138,387,5867,0,4,0,0,0,0,0,5,45578,9770,7195,0,0,DUO,57,0,6,6,False,100,BOTTOM,9,1348,4,58950,12537,0,13625,0,5197,436,115,12,84,3,0,12232,2379,562,0,0,7,14,3,1,9,False
32,0,0,11,0,0,11581,14,JarvanIV,0,5,3399,10592,3399,27345,3,3,0,0,7,0,False,False,True,False,False,True,9479,7775,TOP,0,1,0,3121,6660,6692,1036,0,3158,3363,20,1,5,TOP,0,5,1,806,6975,985,5960,0,14,0,0,0,0,0,7,61636,10183,9136,0,0,SOLO,56,41,49,10,False,200,TOP,24,1455,2,78588,11415,0,15383,2,4367,0,107,328,82,1,0,9976,246,286,0,3,3,13,3,2,7,True
33,0,7,7,0,0,14238,15,Varus,2,6,4369,7788,4369,16364,10,3,1,0,10,1,False,True,False,False,False,False,16299,15175,BOTTOM,0,0,2,3153,3142,3124,3302,3006,1038,3363,25,3,10,BOTTOM,0,4,3,428,28128,5546,13360,0,34,0,1,0,0,0,15,167183,14645,18845,0,0,CARRY,38,13,22,12,False,100,BOTTOM,41,2122,32,217378,21439,0,33987,0,11292,760,211,263,326,2,1,22066,1246,1781,1,2,11,19,5,3,10,False
34,0,0,7,1,13,11913,14,Kalista,0,5,6084,30982,6084,9846,5,4,7,2,6,0,False,True,False,True,False,False,16820,13900,BOTTOM,0,1,0,1055,3091,3153,3124,3006,3302,3363,19,4,23,BOTTOM,0,13,3,286,22079,7055,7230,0,16,0,0,1,0,0,13,117138,29956,11593,0,0,CARRY,28,4,90,4,False,100,BOTTOM,15,1530,0,143884,38393,0,21279,4,10149,688,138,107,79,3,1,4666,1382,2455,2,6,3,22,4,0,8,True
35,0,5,4,0,0,9891,12,Ezreal,1,3,470,3426,470,7255,9,1,2,0,3,0,False,True,False,False,False,False,10759,10250,BOTTOM,0,0,3,1055,3026,3042,3158,0,3508,3363,20,2,8,BOTTOM,413,3,2,486,22924,5358,13052,0,0,0,1,0,0,0,5,87255,14629,8833,0,0,SOLO,198,30,23,10,False,100,BOTTOM,2,1599,0,113109,20327,0,22478,0,4962,477,143,16,204,3,0,2930,340,593,0,0,11,16,2,1,8,False
36,0,0,9,0,6,20539,18,Aphelios,0,6,7244,28261,7244,39538,6,3,2,1,4,0,True,False,False,True,False,False,18063,15400,BOTTOM,1,1,2,6673,3031,3091,3095,1038,3006,3363,23,4,14,BOTTOM,918,6,2,696,35710,8196,9339,0,16,0,0,0,0,0,8,228113,42980,21342,0,0,CARRY,66,100,0,12,False,200,BOTTOM,23,2317,8,269383,51968,0,32188,0,12849,0,238,209,190,1,0,5558,791,1505,3,6,10,34,5,6,12,True
37,0,5,12,0,0,17114,17,Xayah,1,4,5848,20893,5848,15637,6,3,0,1,8,0,False,False,False,False,False,False,15457,13525,BOTTOM,1,1,0,1038,6675,6672,3036,3006,2019,3363,24,3,9,BOTTOM,551,3,1,857,718,88,13438,1,44,0,0,0,0,0,21,224071,29005,16621,0,0,CARRY,66,29,50,9,False,100,BOTTOM,16,2044,24,233113,32138,0,30934,6,11913,562,213,109,203,3,0,8322,3043,874,4,4,5,17,3,2,11,True
38,0,0,8,0,0,13503,15,Smolder,0,4,3899,9202,3899,12982,8,2,1,1,1,1,False,False,False,False,False,False,14342,14525,BOTTOM,0,0,5,3072,3094,3508,3158,0,6675,3363,26,2,9,MIDDLE,507,3,2,545,20877,6593,19776,0,12,0,1,0,0,0,12,193685,27425,8417,0,0,DUO,173,51,36,11,False,100,BOTTOM,10,1984,5,228361,36032,0,28946,0,6707,470,237,260,204,3,0,13798,2013,753,2,2,11,21,3,4,9,False
39,0,0,13,0,0,20513,18,Annie,0,7,2945,20167,2945,13657,4,5,1,0,3,0,False,False,False,False,False,False,16087,16075,MIDDLE,0,1,0,4629,3089,4632,3020,4646,3118,3363,26,3,11,MIDDLE,0,4,3,840,153499,20232,6784,0,4,0,0,0,0,0,15,24534,833,11275,0,0,DUO,215,70,59,130,False,100,MIDDLE,31,2169,0,190576,23823,2201,18569,4,2439,0,274,416,117,1,1,12542,2757,508,0,2,5,39,5,5,12,True
40,0,3,8,0,4,6386,10,Aphelios,0,4,2156,5782,2156,5610,5,3,1,0,4,0,False,False,False,False,False,True,7634,6625,BOTTOM,0,0,0,1055,6673,1043,3086,3006,0,3340,16,1,6,NONE,351,4,2,140,703,341,2013,0,0,0,0,0,0,0,11,44969,7452,7396,0,0,SUPPORT,25,71,0,4,False,100,BOTTOM,5,1119,0,47243,7882,0,9734,0,3225,0,94,33,44,1,0,1570,88,324,1,2,2,16,3,2,7,True
41,0,1,9,0,0,13446,15,Smolder,2,5,234,8803,234,12657,9,4,0,0,4,0,False,False,False,False,False,False,12021,11775,BOTTOM,0,0,3,1055,1037,3158,6675,3071,3508,3363,20,1,5,MIDDLE,494,2,1,290,19813,5754,10032,0,1,0,1,0,0,0,17,160047,22359,13972,0,0,DUO,195,51,28,9,False,100,BOTTOM,9,1949,0,189220,29904,0,24536,0,4201,0,229,166,182,1,0,9359,1790,532,0,0,10,21,4,2,12,False
42,0,0,1,0,0,11131,13,Vayne,2,4,2732,7636,2732,8209,6,2,1,0,8,0,False,False,False,False,False,True,12506,11925,BOTTOM,0,0,0,3091,2055,3006,6672,2019,3153,3363,24,3,9,BOTTOM,369,4,2,563,4196,267,9193,0,12,0,0,0,0,0,6,93859,15305,6956,0,0,CARRY,78,0,8,7,False,100,BOTTOM,6,1669,10,108728,19694,0,16788,0,4702,0,183,35,140,1,0,10672,4121,638,1,1,4,19,3,1,11,False
43,0,1,4,0,2,13455,15,Twitch,1,6,1123,15309,1123,14244,4,5,2,2,8,0,False,False,False,False,False,False,15530,13375,BOTTOM,0,0,2,3036,3140,3085,3153,2019,3006,3363,23,3,15,BOTTOM,440,8,2,1088,15684,2846,9946,0,24,0,1,0,0,0,14,155253,36391,13889,0,0,CARRY,34,32,38,8,False,100,BOTTOM,18,1932,12,200406,44648,0,24527,0,8509,0,207,458,166,1,0,29469,5410,691,1,1,10,43,5,3,13,False
44,0,0,17,0,6,22865,18,Caitlyn,0,5,2944,5952,2944,23082,6,2,2,0,4,0,False,False,False,False,False,False,22163,18525,BOTTOM,0,0,5,3031,3748,3006,6610,6676,3072,3363,27,3,16,BOTTOM,1773,6,2,1040,1394,1394,12982,0,8,0,1,0,0,0,8,335970,51288,27313,0,0,CARRY,69,40,26,8,False,200,BOTTOM,32,2288,8,352823,53912,0,44329,0,17855,711,304,159,233,3,0,15458,1229,4034,1,1,11,25,3,2,10,False
45,0,0,2,0,0,12687,14,Chogath,0,3,1190,3694,1190,39665,5,2,0,0,4,0,False,False,False,False,False,False,9875,8950,TOP,0,0,2,1054,3068,3047,1031,3110,1057,3363,18,1,6,TOP,0,3,1,792,58571,9845,12454,0,8,0,1,0,0,0,3,24732,2101,13094,0,0,SOLO,56,43,52,8,False,200,TOP,85,1692,0,91904,13733,0,26567,4,3931,0,153,2044,199,1,0,8600,1786,1018,0,0,10,12,2,2,8,False
46,0,0,7,0,0,18307,17,Sion,2,6,3808,3808,3808,90499,11,5,0,0,19,0,False,False,False,False,False,False,13366,12075,TOP,0,0,2,3110,3748,3047,3068,3076,1057,3363,25,0,4,TOP,4,0,1,398,41912,7431,13927,0,0,0,1,0,0,0,8,121888,11571,30094,0,0,SOLO,59,42,44,11,False,100,TOP,25,2192,0,171005,19684,0,54989,0,10955,0,225,796,432,1,0,7204,681,10967,1,1,9,29,5,3,12,False
47,0,0,3,0,0,10101,13,Galio,0,5,0,272,0,17576,11,2,0,0,4,0,False,False,False,False,False,True,7259,7125,MIDDLE,0,0,2,1056,6657,3047,3068,2055,0,3340,19,0,1,MIDDLE,0,0,1,251,69937,9511,6726,0,0,0,0,0,0,0,15,6050,445,20864,0,0,SOLO,50,15,20,4,False,100,MIDDLE,23,1498,0,80583,9956,538,28728,0,1291,0,124,61,202,1,0,4595,0,1138,0,0,10,13,3,0,7,False
48,0,0,2,0,0,9123,12,TahmKench,0,2,0,239,0,17292,2,1,0,0,10,1,False,False,False,False,False,True,6157,5875,TOP,0,0,1,1054,3076,3047,6664,1029,1029,3340,15,1,2,NONE,4,2,1,968,32385,6995,1396,0,2,0,0,0,0,0,1,16826,1835,11617,0,0,SUPPORT,43,12,10,7,False,100,TOP,18,1133,0,49470,9089,0,13728,0,2447,0,126,108,35,1,0,258,258,714,0,0,5,15,1,0,6,False
49,0,1,15,0,2,17704,17,Malphite,3,3,3014,11267,3014,64326,2,2,1,0,8,1,False,False,False,False,False,False,14355,11650,TOP,0,1,0,1057,6665,3111,3068,3110,3076,3363,20,2,9,TOP,0,7,2,1428,92563,13357,7845,0,4,0,0,1,0,0,15,65116,6816,10204,0,0,SOLO,67,65,73,9,False,200,TOP,32,2094,0,179297,20987,0,19426,0,3735,0,223,1035,60,1,0,21617,813,1376,1,6,4,25,2,1,10,True
50,0,1,10,0,7,15264,16,Ornn,1,4,6863,15232,6863,42802,0,3,0,0,6,1,False,False,False,False,False,False,12126,10825,TOP,0,1,0,1054,6664,7026,2502,3082,1001,3363,19,1,7,TOP,0,7,1,0,62663,8218,12654,0,4,0,0,1,0,0,4,64488,4684,12055,0,0,SOLO,80,53,16,12,False,200,TOP,29,1704,0,135355,13280,0,25717,0,7071,0,195,473,0,1,0,8203,378,1007,1,5,1,29,3,6,10,True
51,0,1,6,0,3,16695,17,Ornn,2,4,3746,8628,3746,41245,4,3,1,0,4,0,False,False,False,False,False,True,12235,11725,TOP,0,1,0,3082,6664,3110,7026,3076,1011,3363,26,2,6,TOP,4,3,2,805,36231,5773,9781,0,0,0,0,0,0,0,14,76131,6784,10285,3,0,SOLO,92,48,22,18,False,200,TOP,35,1931,0,131962,12648,0,21090,0,3434,0,187,1917,90,1,0,19599,90,1022,2,2,3,24,3,0,11,True
52,0,0,2,0,1,8278,11,Sion,0,2,5903,8395,5903,5160,0,1,0,0,5,1,False,False,False,True,False,True,6972,5175,TOP,0,0,0,1054,3084,6660,1001,1029,0,3340,12,0,1,NONE,0,0,1,0,7273,992,701,0,0,0,0,0,0,0,1,50243,2146,4635,0,0,SUPPORT,36,8,24,2,False,200,TOP,12,909,0,59187,3139,0,5754,0,466,0,115,377,0,1,0,1671,0,416,2,2,0,9,1,1,5,True
53,0,1,12,0,2,15789,16,Malphite,1,2,3817,9660,3817,37652,0,1,0,0,9,1,False,False,False,False,False,False,10987,9875,TOP,0,1,0,1054,3075,3111,3110,6665,0,3340,15,1,2,TOP,80,2,1,0,61749,7853,3583,0,10,0,0,0,1,0,5,63666,4911,6055,0,0,SOLO,48,48,50,5,False,100,TOP,20,1628,0,141908,13556,0,10611,2,3417,0,192,1295,0,1,0,16492,792,973,1,4,0,25,1,1,10,True
54,0,0,9,0,0,16047,16,Illaoi,0,4,1518,6208,1518,35182,7,2,0,0,2,0,False,False,False,False,False,True,11263,10825,TOP,0,0,0,1054,2055,3065,3071,6610,3111,3363,24,0,2,TOP,244,0,1,709,0,0,31490,0,9,0,0,0,0,0,9,192743,28564,11386,0,0,SOLO,104,91,25,11,False,200,TOP,5,1997,6,198324,29019,0,44212,0,12671,0,223,74,268,1,0,5581,454,1335,0,0,5,22,3,1,6,False
55,0,0,8,0,3,21731,18,Galio,0,8,2136,8678,2136,50483,3,5,0,0,4,2,True,False,False,False,False,True,15115,13250,TOP,0,0,0,6665,6664,3110,4646,2055,3111,3364,27,3,8,TOP,0,3,1,983,198143,26738,9124,0,8,0,0,0,0,0,10,10422,753,19008,0,0,SOLO,110,32,47,7,False,200,TOP,47,2291,4,210708,27789,1130,28992,0,5303,0,238,708,136,1,0,2143,298,860,0,2,2,28,6,3,8,True
56,0,0,3,0,4,8405,11,Ornn,0,4,1232,2612,1232,8407,0,3,0,0,4,0,False,False,True,False,False,True,6392,5825,TOP,0,0,0,1054,3075,3047,6660,1029,0,3364,14,1,4,NONE,0,4,1,0,19015,5855,5116,0,2,0,0,0,0,0,2,39327,4614,4468,0,0,SUPPORT,42,21,15,6,False,200,TOP,13,962,0,58541,10469,0,9625,0,1917,0,111,306,0,1,0,198,0,40,0,1,0,10,3,4,4,True
57,0,0,13,0,2,17940,17,Sion,2,2,9155,22894,9155,67371,2,1,0,1,2,1,False,False,False,True,False,False,15437,13575,TOP,1,1,0,6665,3068,3075,3047,3082,3110,3364,20,1,3,TOP,84,2,1,883,67227,10564,10698,0,27,0,0,1,0,0,7,139754,10484,12332,1,0,SOLO,95,53,61,12,False,200,TOP,51,2209,4,236071,21397,0,25600,11,4606,0,219,2364,71,1,0,29090,348,2568,3,5,2,25,1,2,4,True
58,0,0,9,0,2,14556,15,Xayah,3,3,784,1855,784,10518,6,2,2,0,4,0,False,False,False,False,False,False,13354,11300,BOTTOM,0,0,3,3156,1036,3031,3006,0,3095,3363,21,2,8,BOTTOM,629,4,2,458,5792,1191,9741,0,8,0,1,0,0,0,6,126417,16405,9964,0,0,CARRY,48,22,35,6,False,200,BOTTOM,9,1731,8,134373,18023,0,20420,0,4568,0,191,80,138,1,0,2163,426,713,1,1,11,24,2,1,8,False
59,0,0,8,0,6,22534,18,Jinx,4,8,10225,22277,10225,18541,4,3,6,0,9,0,False,False,False,False,False,False,23943,19525,BOTTOM,0,1,5,3072,3036,3009,6672,3031,3026,3363,24,5,25,BOTTOM,1079,9,3,696,2311,1347,19035,0,20,0,1,0,0,0,15,415047,68959,11582,0,0,CARRY,200,61,22,14,False,100,BOTTOM,36,2321,15,420155,71211,0,31185,0,16857,440,331,155,143,3,2,2797,904,566,2,5,11,24,3,6,13,False
60,0,1,4,0,4,9683,12,Vayne,1,3,5147,14273,5147,4670,2,2,2,0,6,0,False,False,False,False,False,False,10595,8600,BOTTOM,0,1,0,1055,3153,3006,1036,6672,1042,3363,19,3,10,BOTTOM,399,4,3,538,3044,374,2145,1,12,1,0,1,0,0,12,86359,12011,8129,0,0,SOLO,88,0,5,4,False,100,BOTTOM,9,1380,8,105187,15481,0,10657,4,5147,0,133,91,31,1,1,15783,3095,382,1,4,1,19,2,1,8,True
61,0,0,7,0,0,14674,15,KSante,1,2,115,2242,115,48240,8,1,0,0,6,0,False,False,False,False,False,False,9094,8575,TOP,0,0,2,1054,3084,3075,3111,1057,1029,3364,21,0,0,TOP,4,0,0,463,3848,835,21577,0,6,0,0,0,0,0,4,97997,17653,24463,0,0,SOLO,201,25,52,14,False,200,TOP,55,2173,4,125151,20115,0,47512,0,6669,0,149,419,264,1,0,23305,1627,1472,0,0,9,15,1,1,5,True
62,0,0,10,0,0,16326,16,Tristana,0,6,8091,9372,8091,12876,8,4,5,0,0,0,False,False,False,False,False,False,18934,17950,BOTTOM,1,1,1,6672,3156,3006,3094,3033,3031,3363,24,3,17,BOTTOM,808,6,2,796,30664,3549,11475,0,12,0,1,0,0,1,2,171717,41254,16750,0,0,CARRY,37,29,29,8,False,200,BOTTOM,15,2218,12,205917,46157,0,28867,0,8486,598,206,187,340,4,0,3536,1354,641,2,3,7,22,4,2,13,False
63,0,0,8,0,3,14435,15,MissFortune,3,5,5230,19784,5230,4308,3,4,3,0,4,0,False,False,False,True,False,True,14974,12900,BOTTOM,0,0,0,3156,3142,6676,3009,6699,1055,3363,22,3,13,BOTTOM,925,6,2,633,4403,1540,5064,0,8,0,0,0,0,0,11,129591,19402,4867,0,0,CARRY,73,38,36,6,False,100,BOTTOM,10,1763,4,137183,21890,0,10127,0,2772,468,191,158,86,3,0,3188,947,196,3,3,4,32,4,7,11,True
64,0,0,6,0,17,17963,17,Ezreal,2,4,10996,30646,10996,11886,0,3,3,0,1,0,False,False,False,False,False,False,16828,13858,BOTTOM,0,2,0,3026,0,3042,6610,3158,3078,3363,23,1,17,MIDDLE,355,17,2,0,25470,6514,7016,0,8,0,0,1,0,0,4,190490,20597,13110,0,0,DUO,306,41,26,11,False,100,BOTTOM,4,1995,4,235429,27770,0,20993,0,14239,357,247,120,0,2,0,19468,658,866,6,6,5,22,3,3,11,True
65,0,0,0,0,0,325,2,Kayn,0,1,0,0,0,171,0,0,0,0,0,0,False,False,False,False,True,False,590,500,BOTTOM,0,0,0,1101,2003,0,0,0,0,3340,3,0,0,NONE,0,0,0,0,0,0,0,0,4,0,0,0,0,0,0,990,0,390,0,0,SUPPORT,2,0,0,0,False,200,BOTTOM,0,107,4,1813,0,0,390,0,171,0,0,0,0,1,0,822,0,0,0,0,0,0,0,0,0,True
66,0,0,14,0,1,22317,18,Veigar,1,9,4355,25048,4355,17673,7,6,0,0,6,0,False,True,False,False,False,False,20177,18150,BOTTOM,1,1,1,6655,3157,3089,3165,3020,3135,3363,33,3,14,BOTTOM,0,5,1,989,286987,44817,8385,0,8,0,0,1,0,0,11,11028,1311,15572,0,0,CARRY,176,102,40,18,False,100,BOTTOM,31,2783,2,304217,47541,0,24522,0,2518,0,258,106,325,1,0,6201,1412,564,1,2,8,34,6,3,16,True
67,0,0,10,0,4,10181,13,Skarner,0,3,2356,12852,2356,14069,2,2,0,1,2,0,False,True,False,False,False,False,9990,8700,BOTTOM,0,1,0,1054,3071,3084,3158,3066,0,3364,17,3,8,MIDDLE,0,4,1,668,17819,4372,5920,0,4,1,0,1,0,0,10,47720,9713,11508,0,0,DUO,123,22,59,6,False,100,BOTTOM,34,1474,0,69025,14127,0,17767,0,3602,630,126,340,42,4,0,3485,41,337,1,2,1,17,2,1,7,True
68,0,1,15,0,1,16164,16,Ezreal,0,7,3586,5286,3586,15866,8,5,0,0,3,0,False,False,False,False,False,True,15673,14233,BOTTOM,0,1,1,3074,3078,3026,3158,2055,3042,3363,23,3,12,BOTTOM,0,4,1,415,16141,6153,7387,0,14,0,0,0,0,0,9,134346,22024,17222,0,0,CARRY,230,41,27,14,False,200,BOTTOM,2,2118,0,176134,28999,0,26818,2,7818,422,164,26,259,2,0,25646,821,2208,2,4,6,33,6,4,12,True
69,0,0,4,0,0,5161,9,Hwei,1,3,0,0,0,3074,4,0,0,0,2,0,False,False,False,False,False,True,5219,4075,BOTTOM,0,0,0,1056,6655,1001,2055,0,0,3340,9,1,2,NONE,0,2,1,446,20178,5536,3233,0,0,0,0,0,0,0,2,9466,1405,4810,0,0,SUPPORT,33,12,14,2,False,200,BOTTOM,6,986,0,31154,6942,98,8223,0,792,314,79,72,70,2,0,1510,0,179,0,0,2,6,1,0,5,False
70,0,0,11,0,0,17981,17,Jhin,1,4,4203,12874,4203,7977,4,3,0,1,9,1,False,False,False,False,False,True,14793,14025,BOTTOM,0,0,0,3009,3094,3031,3026,6676,0,3363,23,1,8,BOTTOM,1542,6,1,1128,6914,353,7936,0,4,0,0,0,0,0,9,182709,21906,10423,0,0,CARRY,86,28,30,35,False,200,BOTTOM,24,2074,0,189673,22308,0,19958,0,7953,441,234,121,82,2,0,50,48,1598,3,3,3,26,3,4,11,True
71,0,0,9,0,1,12933,14,Xayah,0,5,1731,3811,1731,15091,11,4,0,0,5,0,False,False,False,False,False,True,12036,11300,BOTTOM,0,0,2,0,6671,3139,6672,3006,0,3363,23,1,6,BOTTOM,433,3,1,435,826,136,19214,0,7,0,0,0,0,0,19,128494,18512,11539,0,0,CARRY,52,23,39,7,False,100,BOTTOM,22,2139,5,129545,18873,0,30955,0,4274,0,194,40,342,1,0,225,225,201,0,1,10,28,4,3,11,False
72,0,1,9,0,0,18568,18,Ezreal,0,4,3737,9237,3737,11697,6,3,0,0,2,1,False,False,False,False,False,False,15192,13708,BOTTOM,0,0,1,6694,3042,3078,0,3158,3508,3363,22,2,8,BOTTOM,625,3,1,877,31821,11578,17921,0,16,0,1,0,0,0,14,187825,27724,9383,0,0,CARRY,314,42,37,16,False,200,BOTTOM,8,2300,16,232247,41111,0,28785,0,9902,1188,246,97,216,4,0,12601,1807,1480,2,2,9,26,3,2,13,False
73,0,0,13,0,8,23849,18,Jhin,1,7,4867,14553,4867,15858,7,4,2,1,1,0,False,False,False,False,False,False,21907,17800,BOTTOM,0,1,1,3026,3156,6692,3111,6676,3094,3363,30,4,20,BOTTOM,3361,8,2,624,24909,4511,13299,0,4,0,0,1,0,0,9,251835,38055,9186,0,0,CARRY,91,55,62,46,False,200,BOTTOM,62,2495,0,281104,44915,0,23442,0,7577,1591,277,283,234,4,0,4359,2348,955,2,4,7,26,4,2,11,True
74,0,0,12,0,4,12694,14,Lucian,1,6,5488,21731,5488,8422,2,5,2,0,6,1,False,False,False,False,False,False,12752,10975,BOTTOM,0,0,0,3031,0,6672,3508,1055,3006,3363,21,2,9,BOTTOM,617,5,3,1312,7436,2886,4436,0,14,0,0,1,0,0,6,153902,22715,10874,0,0,CARRY,76,27,35,11,False,100,BOTTOM,2,1723,8,163614,26135,0,15689,0,7414,934,177,32,49,3,1,2274,534,379,2,4,3,32,5,4,14,True
75,0,10,15,0,0,27333,18,Kalista,4,9,2558,35831,2558,32343,8,3,3,1,7,1,False,False,False,False,False,False,25541,19725,BOTTOM,0,0,4,3026,3091,3006,3085,6675,6672,3363,28,5,19,BOTTOM,716,7,2,689,61626,6487,22804,0,52,0,1,0,0,0,18,383878,40514,21906,0,0,CARRY,88,13,139,7,False,200,BOTTOM,26,2813,31,467924,48024,0,46188,2,17103,1086,343,439,281,4,0,22418,1021,1477,0,2,11,47,3,7,16,False
76,0,0,9,0,7,10124,13,Ziggs,2,3,12833,17386,12833,4951,1,1,2,0,7,0,False,False,False,True,False,True,10928,9325,BOTTOM,0,1,0,1056,2420,6655,3191,3040,3020,3363,16,2,11,BOTTOM,0,7,4,877,74536,16645,3058,0,0,0,0,0,0,0,6,14213,1765,5639,3,1,CARRY,84,39,21,3,False,100,BOTTOM,13,1281,0,99003,18584,0,8697,0,1067,0,148,134,26,1,1,10253,173,0,2,2,0,8,1,1,4,True
77,0,1,10,0,0,16801,17,Twitch,3,7,4734,18759,4734,13933,6,4,3,0,5,0,False,True,False,False,False,False,18939,17675,BOTTOM,0,1,0,6672,3026,3006,3031,3085,3033,3363,26,4,20,BOTTOM,922,5,2,702,11920,1692,3950,0,24,0,0,0,0,0,19,195381,39911,18750,0,0,CARRY,41,30,28,12,False,200,BOTTOM,17,2091,14,226593,45375,0,25323,2,4794,0,213,320,150,1,0,19292,3771,2622,2,3,3,31,5,3,13,True
78,0,0,10,1,0,23935,18,Zed,2,7,1398,11525,1398,36030,11,3,1,0,6,2,False,False,False,False,False,True,19533,18275,MIDDLE,0,0,2,3814,6691,3158,6696,6676,3071,3364,32,3,9,MIDDLE,786,3,2,792,18502,1944,17382,0,14,0,0,0,0,0,20,205247,37262,32089,0,0,SOLO,116,80,113,42,False,200,MIDDLE,8,3102,2,234549,41264,0,53335,2,12270,0,262,115,541,1,0,10799,2057,3862,1,3,8,33,3,2,11,False
79,0,0,12,0,2,17762,17,Jinx,0,8,2744,30206,2744,12973,8,7,0,0,9,1,False,False,False,False,False,False,15212,13725,BOTTOM,0,0,0,1038,6672,3031,1053,3036,3006,3363,28,3,10,BOTTOM,1567,4,1,303,1508,601,12989,0,16,0,0,1,0,0,10,184689,29741,13051,0,0,CARRY,109,41,16,11,False,200,BOTTOM,18,2134,8,205834,31159,0,27188,0,8890,722,189,84,200,4,0,19637,816,1147,1,1,4,36,7,1,18,True
80,0,0,8,0,0,13628,15,Nilah,2,5,4607,25015,4607,22003,7,4,1,1,5,0,False,False,False,False,False,False,13572,13500,BOTTOM,0,0,1,1038,3026,3031,3006,6676,1053,3363,22,2,7,BOTTOM,637,4,2,811,940,123,10786,0,19,0,1,0,0,0,3,203571,28327,19387,0,0,CARRY,136,15,34,9,False,200,BOTTOM,16,1999,8,227054,28518,205,31543,3,13286,1863,188,101,197,5,0,22542,67,1368,3,3,8,34,4,6,12,False
81,0,4,16,0,1,14500,15,TahmKench,2,9,0,3484,0,54138,5,5,0,0,8,1,False,False,False,False,False,True,11290,10725,BOTTOM,0,0,3,6662,3075,3111,1054,3065,2055,3364,28,1,7,BOTTOM,0,6,1,715,49476,17699,21231,0,0,0,1,0,0,0,12,24387,4079,15063,1,0,CARRY,127,39,29,16,False,200,BOTTOM,48,2048,0,75040,22948,3323,40910,0,11281,1026,129,1407,141,5,0,1176,1170,4615,0,0,7,31,7,4,11,False
82,0,0,1,0,0,10152,13,Briar,0,5,2680,3366,2680,19242,9,4,0,0,4,0,False,False,False,False,False,True,8452,8475,TOP,0,0,0,1037,3067,3748,3111,1053,1043,3340,17,0,4,TOP,0,0,1,308,6001,1082,13551,0,4,0,0,0,0,0,12,86453,16531,13611,0,0,SOLO,38,25,17,5,False,200,TOP,24,1433,2,92455,17614,0,27449,0,10524,0,125,202,302,1,0,0,0,286,1,1,6,18,4,1,8,False
83,0,1,21,1,0,21034,18,Ivern,1,6,1836,22413,1836,27959,6,3,0,4,2,0,False,False,False,True,False,False,14820,13550,JUNGLE,0,3,0,3158,8001,3107,6616,3504,6620,3364,21,0,1,JUNGLE,0,0,1,659,30845,10471,5642,0,184,0,0,0,0,0,36,17166,4392,16601,0,0,NONE,155,51,96,10,False,100,JUNGLE,53,2763,141,244300,16830,15270,23323,10,12476,5588,41,432,244,9,0,196288,1967,1079,2,7,5,41,4,11,7,True
84,0,7,15,0,0,15100,16,Ziggs,1,7,11242,12716,11242,16233,5,5,1,0,1,0,False,False,False,False,False,False,13787,12725,BOTTOM,0,0,1,6653,3157,3020,3916,3040,3145,3363,24,2,8,BOTTOM,0,5,2,960,139015,32039,7488,0,0,0,1,0,0,0,9,15235,2491,10958,0,0,SOLO,155,36,43,12,False,200,BOTTOM,23,1786,0,168271,35502,0,19097,0,531,0,209,238,219,1,0,14020,970,650,2,2,8,23,5,1,13,False
85,0,0,0,0,0,39,1,Jinx,0,1,0,0,0,221,1,0,0,0,1,0,False,False,False,False,True,False,887,500,JUNGLE,0,0,0,1055,2003,0,0,0,0,3340,3,0,1,NONE,0,0,1,115,0,0,94,0,0,0,0,0,0,0,0,575,575,628,0,0,SUPPORT,0,0,0,0,True,200,BOTTOM,0,128,0,575,575,0,739,0,71,48,0,0,6,2,0,0,0,16,0,0,0,1,0,0,1,False
86,1,8,12,0,2,15414,16,Vayne,0,4,5576,20035,5576,11419,8,3,3,1,3,0,True,False,False,False,False,False,15698,13675,BOTTOM,1,1,0,3072,2420,3006,3087,3031,1038,3363,22,3,9,BOTTOM,740,4,2,384,48640,2438,3461,0,12,0,0,1,0,0,20,109047,20189,18164,0,0,CARRY,92,0,8,8,False,100,BOTTOM,11,1790,8,172726,28781,0,22358,0,7647,863,190,26,218,3,0,15038,6153,733,3,4,4,19,3,3,8,True
87,0,3,2,0,0,5282,9,Twitch,4,4,324,1657,324,4286,3,3,0,0,2,0,False,False,False,False,False,True,5086,4625,BOTTOM,0,0,0,3153,0,1001,1055,1042,0,3340,15,0,1,NONE,0,0,1,410,2842,656,983,0,0,0,0,0,0,0,10,34391,6059,8106,0,0,SUPPORT,12,14,15,4,False,100,BOTTOM,2,1057,0,39883,7764,0,9252,0,2504,505,103,103,72,3,0,2650,1049,163,0,0,4,12,3,0,8,False
88,0,3,11,0,0,17342,17,Ashe,0,5,4799,13256,4799,16861,9,4,1,0,5,0,False,False,False,False,False,False,17288,15133,BOTTOM,0,0,1,3026,3153,1018,6672,3078,3006,3363,24,3,10,MIDDLE,416,3,2,485,7593,3603,9698,0,38,0,1,0,0,0,23,225045,31669,22505,0,0,DUO,39,104,18,16,False,100,BOTTOM,59,2394,22,238261,35950,0,33038,8,9899,0,232,999,269,1,0,5622,677,834,2,2,7,39,4,3,15,False
89,0,2,12,0,2,19327,18,Ezreal,1,3,12094,33682,12094,10161,4,0,2,0,7,0,False,False,False,False,False,False,18851,18183,BOTTOM,1,1,0,3026,3508,3042,3078,6694,3158,3363,26,2,11,BOTTOM,800,8,2,650,46347,12060,4273,0,16,1,0,1,0,0,19,220120,32172,14405,0,0,CARRY,340,54,25,21,False,200,BOTTOM,5,2263,4,278112,44779,0,18784,12,7389,1279,245,113,126,4,0,11645,546,105,5,6,5,16,1,2,9,True
90,1,2,7,0,0,11087,13,Vayne,3,5,1615,3394,1615,9398,6,4,0,0,13,1,False,False,False,False,False,False,11460,10400,BOTTOM,0,0,2,1055,6670,3124,2015,3153,3006,3363,22,2,5,BOTTOM,0,2,1,760,6684,1006,3649,0,9,0,1,0,0,0,12,70541,11087,12531,0,0,SOLO,66,0,5,6,False,100,BOTTOM,8,1702,3,88974,16558,0,16750,0,4963,520,166,18,186,3,0,11748,4464,569,1,1,10,28,4,7,12,False
